<?xml version="1.0" encoding="UTF-8"?>
<project-private xmlns="http://www.netbeans.org/ns/project-private/1">
    <editor-bookmarks xmlns="http://www.netbeans.org/ns/editor-bookmarks/2" lastBookmarkId="0"/>
    <open-files xmlns="http://www.netbeans.org/ns/projectui-open-files/2">
        <group>
            <file>file:/C:/Kuliah/Semester%203/PBO/FinalProyekPBO/hapus/ProyekAkhirPBO/src/views/LoginDaftarPaket.java</file>
            <file>file:/C:/Kuliah/Semester%203/PBO/FinalProyekPBO/hapus/ProyekAkhirPBO/src/views/MyDaftarPaket2.java</file>
            <file>file:/C:/Kuliah/Semester%203/PBO/FinalProyekPBO/hapus/ProyekAkhirPBO/src/views/UbahStatus.java</file>
            <file>file:/C:/Kuliah/Semester%203/PBO/FinalProyekPBO/hapus/ProyekAkhirPBO/src/views/TambahPaket.java</file>
            <file>file:/C:/Kuliah/Semester%203/PBO/FinalProyekPBO/hapus/ProyekAkhirPBO/src/controllers/PaketController.java</file>
            <file>file:/C:/Kuliah/Semester%203/PBO/FinalProyekPBO/hapus/ProyekAkhirPBO/src/views/RegistDaftarPaket.java</file>
            <file>file:/C:/Kuliah/Semester%203/PBO/FinalProyekPBO/hapus/ProyekAkhirPBO/src/utils/DatabaseUtil.java</file>
            <file>file:/C:/Kuliah/Semester%203/PBO/FinalProyekPBO/hapus/ProyekAkhirPBO/src/views/MyDaftarPaket.java</file>
            <file>file:/C:/Kuliah/Semester%203/PBO/FinalProyekPBO/hapus/ProyekAkhirPBO/src/utils/ConstUtil.java</file>
        </group>
    </open-files>
</project-private>
